{
	"IAD": {
		"path": "AlgorithmRepo/SmartClass/Illegal Access Detection/illegal_access_detect.py",
		"input": "NaN",
		"sensors":["doorstep"],
		"ServiceName":"Illegal Access Detection",
		"dependency":"pip3 install python3"
		},

	"classSchedule": {
		"path": "AlgorithmRepo/SmartClass/Scheduling Classes/scheduling_algo.py",
		"input": "NaN",
		"sensors":["numeric_attandance","numeric_attandance","numeric_attandance","numeric_attandance","numeric_attandance",
			"numeric_attandance","numeric_attandance","numeric_attandance","numeric_attandance","numeric_attandance"],
		"ServiceName":"Classroom Scheduling Service",
		"dependency":"pip3 install python3"
	},

	"SAC": {
		"path": "AlgorithmRepo/SmartClass/Smart AC/ac_temp.py",
		"input": "NaN",
		"sensors":["temperature"],
		"ServiceName":"Automated AC Service",
		"dependency":"pip3 install python3"
		},

	"FAS": {
		"path": "AlgorithmRepo/SmartClass/Emergency Fire Alarm Service/fire_alarm.py",
		"input": "NaN",
		"sensors":["temperature"],
		"ServiceName":"Emergency Fire Alarm Service",
		"dependency":"pip3 install python3"
		}	
  
}
